pathway,pval,padj,log2err,ES,NES,size,leadingEdge
GOBP_BIOLOGICAL_PROCESS_INVOLVED_IN_INTERSPECIES_INTERACTION_BETWEEN_ORGANISMS,0.865546218487395,0.8870523415977961,0.08971046527429813,-0.32946618203278366,-0.72015687522524,15,
GOBP_IMMUNE_RESPONSE,0.8870523415977961,0.8870523415977961,0.03397236136349927,0.40523980948452487,0.6523444874904024,16,
GOBP_RESPONSE_TO_CYTOKINE,0.5286458333333334,0.8870523415977961,0.05524956631252492,0.5288707335735789,0.9551085272069308,15,
