pathway,pval,padj,log2err,ES,NES,size,leadingEdge
GOBP_IMMUNE_RESPONSE,0.6443719412724307,0.6443719412724307,0.05652995250563114,0.7759022134756527,0.9732142638434601,15,
