"","p_val","avg_log2FC","pct.1","pct.2","p_val_adj"
"ISG15",1.23941211783102e-09,0.528457340379081,0.566,0.286,6.70521955746579e-07
"LAMP3",6.01057574425953e-06,0.552186803408169,0.389,0.206,0.00325172147764441
"DDX58",1.99812635408873e-05,0.774868151758208,0.322,0.17,0.01080986357562
