"","p_val","avg_log2FC","pct.1","pct.2","p_val_adj"
"STAT1",1.93730727781431e-11,0.759433801453558,0.811,0.707,1.04808323729754e-08
"BAX",1.25226198852418e-05,0.72911526794674,0.581,0.45,0.0067747373579158
"IRF1",4.58248948303155e-05,0.569209170333574,0.646,0.579,0.0247912681032007
