"","p_val","avg_log2FC","pct.1","pct.2","p_val_adj"
"STAT1",6.46831799870939e-14,0.794604541821899,0.857,0.726,3.49936003730178e-11
"IRF1",6.68858059000521e-05,0.580952127103247,0.655,0.584,0.0361852209919282
