"","p_val","avg_log2FC","pct.1","pct.2","p_val_adj"
"ISG15",1.55704996660112e-08,0.505396282327551,0.569,0.288,8.42364031931206e-06
"DDX58",4.16903385234222e-05,0.658573463746275,0.338,0.175,0.0225544731411714
